id,first_name,last_name,buzzword
1,Talbot,Moynihan,intranet
2,Kissiah,Stredwick,analyzing
3,Cornelle,Moxon,Open-source
4,Atalanta,MacIllrick,Open-architected
5,Christiane,Carass,Re-engineered
6,Jakie,Bennetts,strategy
7,Vassili,Ebbutt,global
8,Balduin,Dowglass,Multi-tiered
9,Cathee,Blumsom,Monitored
10,Derwin,Tweedlie,executive
11,Park,Sam,uniform
12,Axel,Boult,fresh-thinking
13,Rodrique,Milverton,Devolved
14,Milka,Slimon,even-keeled
15,Raeann,Cornew,Reactive
16,Callie,Cleef,foreground
17,Rafi,Teligin,explicit
18,Hermann,Scanes,coherent
19,Sven,Cadagan,open architecture
20,Helyn,Eagleton,multimedia
21,Marietta,Tobin,Decentralized
22,Ike,Barrowcliff,interactive
23,Cara,Noto,Total
24,Kahlil,Zuan,neutral
25,Chevy,Marin,artificial intelligence
26,Constantina,Von Helmholtz,data-warehouse
27,Angus,Montacute,Ameliorated
28,Merrily,Edgeley,emulation
29,Pierce,Lehenmann,Innovative
30,Sapphira,Domoni,Organic
31,Anson,Toolin,customer loyalty
32,Leelah,Casazza,Optional
33,Florina,Lodin,knowledge user
34,Alisander,Kellick,application
35,Anastasie,Neilson,non-volatile
36,Brigham,Wyse,value-added
37,Griffin,Peever,Centralized
38,Teodora,Gebhard,Triple-buffered
39,Veronica,Augur,database
40,Duky,Doerren,contextually-based
41,Heywood,Pavek,intermediate
42,Marijn,Ozanne,Cross-group
43,Weylin,Rikel,Synergized
44,Reider,Hagan,extranet
45,Staci,Tattersall,superstructure
46,Lane,Benedyktowicz,secondary
47,Jeane,Becke,service-desk
48,Brittni,Jiri,Assimilated
49,Hyacinthie,Dod,non-volatile
50,Jill,Raitt,Vision-oriented
51,Fanchon,Deedes,task-force
52,Laina,Beranek,superstructure
53,Rem,Scatcher,impactful
54,Harris,Obispo,algorithm
55,Letti,Jewes,utilisation
56,Kent,Sabattier,Cross-platform
57,Kacy,Scholer,Graphical User Interface
58,Guss,Tilburn,fresh-thinking
59,Quintus,Lemmanbie,Automated
60,Devinne,Mougenel,mission-critical
61,Cullin,Malser,Future-proofed
62,Leigha,Sandwick,neural-net
63,Nikolas,Undrell,Ameliorated
64,Abigael,Dudleston,zero administration
65,Robb,Sawdon,Enterprise-wide
66,Julita,Bestall,composite
67,Zane,Leake,static
68,Bell,Pennell,zero administration
69,Anderea,Alenov,multi-tasking
70,Ferdinanda,Wollacott,next generation
71,Rora,Roddick,Innovative
72,Horst,Skacel,client-server
73,Harald,Coggings,contextually-based
74,Maryrose,Bris,4th generation
75,Darin,Serrurier,knowledge base
76,Cairistiona,Falkus,Profit-focused
77,Yevette,Fairtlough,customer loyalty
78,Remus,Boissier,maximized
79,North,Sleet,policy
80,Marchall,Jeacocke,client-driven
81,Pansy,Dagleas,logistical
82,Camile,Blaszkiewicz,client-server
83,Andie,enzley,Cloned
84,Currie,Lingfoot,Adaptive
85,Nertie,Egdell,discrete
86,Reinold,Gorcke,challenge
87,Towney,Kilmary,disintermediate
88,Brockie,Emeney,Synchronised
89,Maddi,Jerome,Phased
90,Agnese,Waiting,Realigned
91,Fidela,Wildman,bottom-line
92,Addia,Benditt,superstructure
93,Sibylla,Hampshaw,explicit
94,Cherish,Crossdale,exuding
95,Faustine,Costerd,Distributed
96,Farly,Godmer,task-force
97,Valentino,MacKay,maximized
98,Meggi,Lelande,Sharable
99,Orsa,Makin,Mandatory
100,Buddy,De Bruin,Cloned
101,Fields,Magovern,secured line
102,Vanya,Makeswell,Grass-roots
103,Jake,Snary,asynchronous
104,Alexi,Rotchell,projection
105,Ogdon,Prosh,algorithm
106,Emmery,Peyton,foreground
107,Casandra,Espadas,ability
108,Myrna,Babst,internet solution
109,Dom,Dorn,Expanded
110,Marilee,Jindrich,Operative
111,Annabelle,Simacek,upward-trending
112,Verile,Storks,Function-based
113,Lissi,Splain,Configurable
114,Wallie,Bohin,Cloned
115,Rebe,Verne,support
116,Danila,Morey,Advanced
117,Jazmin,Teaser,Seamless
118,Gusty,Bilfoot,Switchable
119,Wilmar,Detoc,modular
120,Boyd,Balsellie,solution-oriented
121,Milka,Karlolczak,installation
122,Jeane,Tudgay,database
123,Genny,Chezelle,complexity
124,Ramonda,Barkly,Cross-platform
125,Mattias,Gummery,encryption
126,Gaspar,Olyunin,didactic
127,Ezmeralda,Gribble,Total
128,Gennie,Gartenfeld,time-frame
129,Dasi,Dungay,Vision-oriented
130,Thaine,Cracknell,system engine
131,Margit,Jardein,asymmetric
132,Fara,Casaro,uniform
133,Helenelizabeth,Ilyasov,upward-trending
134,Mata,Muncaster,encompassing
135,Bianca,Monahan,Robust
136,Latrina,Evreux,archive
137,Corny,Mowlam,Proactive
138,Burch,Sturm,application
139,Roobbie,Baudassi,eco-centric
140,Darcy,Sampson,paradigm
141,Franciskus,Gniewosz,orchestration
142,Lonny,Mattheeuw,Phased
143,Egbert,Longfoot,Multi-lateral
144,Othella,Munslow,algorithm
145,Sarena,Stirman,support
146,Riobard,Shade,extranet
147,Morty,Gabriel,Persevering
148,Mano,Crich,parallelism
149,Giovanna,Rosenschein,non-volatile
150,Roze,O' Flaherty,6th generation
151,Netti,Becaris,optimizing
152,Marthe,Eilhermann,24/7
153,Abran,Dawes,service-desk
154,Barr,Ruppertz,Programmable
155,Cordell,Goncaves,Configurable
156,Timmie,Hellen,Compatible
157,Tomasina,Maciak,tangible
158,Garfield,Brymner,bottom-line
159,Sidnee,Berr,solution-oriented
160,Maurita,Dearing,interface
161,Bernadette,Grolmann,adapter
162,Waldemar,Lackney,disintermediate
163,Harbert,Humblestone,Realigned
164,Chuck,Brotherheed,neural-net
165,Bunnie,Lebell,adapter
166,Kerk,Ewer,interactive
167,Jillian,Pankettman,real-time
168,Hadlee,Shale,definition
169,Borg,Eagland,support
170,Annette,Kleis,Configurable
171,Forrester,Matschuk,upward-trending
172,Frederique,McLafferty,demand-driven
173,Gareth,Mousby,capacity
174,Dianna,Obern,Devolved
175,Agosto,Peaseman,bandwidth-monitored
176,Nerita,Turbayne,zero administration
177,Robbie,Rainon,explicit
178,Lissi,MacCarrane,zero defect
179,Ambrosi,Mealham,Ergonomic
180,Hartley,McCoveney,24/7
181,Hunfredo,Hebblethwaite,6th generation
182,Gerald,Kaygill,Future-proofed
183,Phyllys,Laydon,empowering
184,Emmaline,Beckerleg,Down-sized
185,Gui,Hitzmann,asynchronous
186,Tristan,Savege,Total
187,Idalia,Dougharty,concept
188,Arabela,Ohrt,upward-trending
189,Dyane,Cattow,circuit
190,Winston,Bennallck,concept
191,Kimberlee,Giannazzo,Robust
192,Cello,Dymott,upward-trending
193,Linzy,Climpson,5th generation
194,Hilda,Verheijden,heuristic
195,Dodi,Druce,attitude-oriented
196,Allen,MacEntee,holistic
197,Colette,Dulake,Upgradable
198,Burl,Connichie,Networked
199,Brittney,Brainsby,Right-sized
200,Amalia,Pellitt,Decentralized
201,Rora,Cathery,system engine
202,Erin,Kail,executive
203,Dani,Thackham,bifurcated
204,Muffin,Metterick,Future-proofed
205,Monique,Vickarman,full-range
206,Orlando,Lowdham,model
207,Charlean,Gumm,content-based
208,Prue,Storah,foreground
209,Emlynne,Blackstone,local area network
210,Preston,Readings,Synergized
211,Ginnie,Sillick,support
212,Cassey,Ortiga,website
213,Aluin,Tidbold,static
214,La verne,Eickhoff,Graphic Interface
215,Malia,MacClay,didactic
216,Obadias,Flowith,infrastructure
217,Garrek,Riddington,grid-enabled
218,Wilburt,Lurcock,Synergized
219,Darsie,Soar,radical
220,Peterus,Hedde,info-mediaries
221,Nat,Noel,projection
222,Roseline,Loveday,zero tolerance
223,Bertrando,Lishman,moderator
224,Malvina,Attfield,analyzing
225,Elaina,Loudyan,strategy
226,Xymenes,Keson,attitude
227,Koral,Comoletti,core
228,Cristi,Wabersich,access
229,Gianina,Quiddinton,parallelism
230,Bryna,Cridland,Up-sized
231,Amery,Lanceley,product
232,Denny,McCahey,intermediate
233,Hewitt,Chismon,tangible
234,Stephani,Ludee,workforce
235,Timmy,Origan,Expanded
236,Nathalia,Feaver,dynamic
237,Monique,Badam,groupware
238,Rosamond,Wainscot,Enterprise-wide
239,Jodie,Bromell,challenge
240,Franny,Beig,toolset
241,Hymie,Spelling,Seamless
242,Renault,Lovie,algorithm
243,Aileen,Stockey,Exclusive
244,Honey,Clewarth,Implemented
245,Alisha,Hamblett,matrix
246,Norrie,Kruschov,Enhanced
247,Raul,Gratten,knowledge base
248,Fairleigh,Goldsberry,info-mediaries
249,Norine,Purdon,dynamic
250,Davey,Cruikshank,middleware
251,Mickie,Huxley,workforce
252,Derron,Wellbelove,context-sensitive
253,Powell,Challicum,eco-centric
254,Kippie,Ingle,Persistent
255,Ashien,McFeat,knowledge user
256,Leonanie,Tomicki,demand-driven
257,Linoel,Neubigin,benchmark
258,Claire,Streader,Synergistic
259,Stan,Flewitt,composite
260,Cloe,Wignall,Multi-channelled
261,Micheil,Jahndel,zero defect
262,Arny,Ouldcott,process improvement
263,Kenny,Radmer,dedicated
264,Lorilee,Steeples,clear-thinking
265,Betsy,Bury,success
266,Thain,Josskovitz,upward-trending
267,Georas,Yeates,tangible
268,Rad,Thorn,superstructure
269,Vonnie,Mixworthy,needs-based
270,Annadiana,Geach,responsive
271,Sally,Fishly,Future-proofed
272,Janeen,Triggel,Synchronised
273,Othello,Rubinow,systematic
274,Barrie,Massy,Optimized
275,Lin,Polin,pricing structure
276,Milzie,Geany,Expanded
277,Ruthi,Yexley,tertiary
278,Johann,Dilston,superstructure
279,Gerri,Stutard,Reactive
280,Rey,Burleigh,Grass-roots
281,Dave,Champken,discrete
282,Briant,Grout,cohesive
283,Kissee,Yvens,Up-sized
284,Bambi,Kohring,Virtual
285,Kennie,Brierton,Profound
286,Jolee,Willstrop,Decentralized
287,Hunter,Wennington,Self-enabling
288,Noland,Bernocchi,Fully-configurable
289,Elvin,Gale,contingency
290,Hettie,Lambie,Robust
291,Alikee,Stobart,zero administration
292,Mischa,Soares,Integrated
293,Rebekah,Konig,help-desk
294,Imojean,Pellew,Re-contextualized
295,Jonas,Sives,Innovative
296,Zondra,Demangeot,Managed
297,Obediah,Caudrelier,zero administration
298,Marylin,Tims,Persistent
299,Orren,Derobert,Customer-focused
300,Inglebert,Cancutt,customer loyalty
301,Candie,Staterfield,global
302,Sarita,Lyste,core
303,Kamilah,Burman,tertiary
304,Breanne,Bertrand,Distributed
305,Royce,Koeppke,contingency
306,Carlina,Giotto,content-based
307,Wilbert,Djurdjevic,service-desk
308,Penelope,Willock,solution
309,Serge,Coch,benchmark
310,Juan,Dawidowitsch,help-desk
311,Robinet,Valett,access
312,Robb,Sollett,stable
313,Romola,Wyldish,Switchable
314,Alexia,Kinton,Progressive
315,Amabel,Millichip,application
316,Jacky,Craddock,Assimilated
317,Ruperta,Grocutt,groupware
318,Trenna,Giercke,Vision-oriented
319,Julianna,Cale,groupware
320,Ronica,Simononsky,Automated
321,Karlotta,Atling,contextually-based
322,Ogden,Stollberger,Cross-group
323,Hildy,Carn,multi-tasking
324,Kaye,Osbaldstone,intranet
325,Marley,Rishman,web-enabled
326,Joline,Sleeman,Optional
327,Bartlet,Haskey,Fundamental
328,Weston,Chelnam,Persevering
329,Theodor,Woolis,needs-based
330,Jasen,Paskerful,circuit
331,Thomasine,McVittie,software
332,Iorgo,Vasyanin,demand-driven
333,Coraline,Fairfull,workforce
334,Buiron,Sjostrom,Programmable
335,Jefferey,Luchelli,complexity
336,Hali,Pampling,intangible
337,Dallon,Idwal Evans,help-desk
338,Codie,Coggan,needs-based
339,Rob,Fosdyke,mobile
340,Ernaline,Spurgin,focus group
341,Lorita,McErlaine,emulation
342,Cam,Tissier,artificial intelligence
343,Atlante,Jannaway,architecture
344,Wait,Deignan,Right-sized
345,Pet,Versey,utilisation
346,Ad,Hanbidge,hierarchy
347,Isaak,Pallin,logistical
348,Henriette,Hebron,Quality-focused
349,Elijah,Livsey,Reduced
350,Valerie,Keir,Versatile
351,Gran,Epple,hub
352,Geoffry,Henrie,Function-based
353,Cordi,Hablot,foreground
354,Norris,Burgise,superstructure
355,Derick,Trotman,hub
356,Beck,Webben,Proactive
357,Raul,Laetham,Synchronised
358,Morty,Rankin,archive
359,Elayne,Beeden,Pre-emptive
360,Liv,Lindell,local
361,Etan,Northedge,firmware
362,Gabriela,MacKenney,core
363,Nicole,Cridlin,budgetary management
364,Sly,Furst,Ameliorated
365,Cullie,Slessor,Compatible
366,Windham,Fender,throughput
367,Othelia,Van den Bosch,Persevering
368,Laney,Santry,emulation
369,Inga,Dunbabin,Devolved
370,Audi,Neasham,contextually-based
371,Gelya,MacAless,responsive
372,Pace,Zupo,Centralized
373,Rinaldo,Cadogan,Distributed
374,Melli,Kolakowski,responsive
375,Kippy,Darrell,instruction set
376,Marlena,Ellery,motivating
377,Paola,Grieswood,national
378,Fannie,Origin,neutral
379,Xever,Spoor,discrete
380,Aubrette,McParland,analyzer
381,Reena,Boughey,hardware
382,Valry,Andreasson,real-time
383,Othella,Bulleyn,even-keeled
384,Marissa,Feeley,toolset
385,Heda,Clace,web-enabled
386,Kaspar,Trevallion,adapter
387,Edythe,Morrison,Virtual
388,Crawford,Melmar,Universal
389,Ardine,Hanington,Centralized
390,Marci,Elvidge,Mandatory
391,Angelique,McVaugh,parallelism
392,Gardener,Grieswood,array
393,Gerianne,Denekamp,architecture
394,Quintilla,Caddens,Robust
395,Homer,Tremelling,task-force
396,Tiffy,Cecere,asymmetric
397,Juanita,Bandt,discrete
398,Ilene,Rodolico,function
399,Trever,Duffield,Organized
400,Ronica,Worsfield,orchestration
401,Ronna,Moncrieffe,toolset
402,Stafford,Geleman,User-centric
403,Mireille,Bisp,cohesive
404,Joell,Bazylets,Reduced
405,Culver,Jansema,Distributed
406,Delaney,Lyngsted,demand-driven
407,Stace,Tarburn,client-server
408,Cori,Lazar,Polarised
409,Benjamen,Wilber,workforce
410,Dacie,Buttery,Optimized
411,Ernestine,Speenden,Optional
412,Elvyn,Moret,modular
413,Lil,Bimrose,Compatible
414,Alva,O'Siaghail,Universal
415,Leeann,Rodear,Switchable
416,Antonie,Coopland,methodology
417,Angy,Blackall,focus group
418,Aundrea,Baynes,high-level
419,Doralynn,Belfitt,portal
420,Gabriel,Tidman,capability
421,Waylon,Avent,Reduced
422,Lia,Mabbe,model
423,Siegfried,Cumo,Realigned
424,Harland,Romanski,Organized
425,Malva,Chesterman,migration
426,Nikolas,Haddick,Graphic Interface
427,Bernette,Avon,internet solution
428,Farlee,St Clair,Multi-channelled
429,Bertrand,Calderon,concept
430,Erin,Duddy,Distributed
431,Dyane,Crinson,upward-trending
432,Ryun,Gylle,heuristic
433,Cletis,Pleasaunce,Focused
434,Ddene,Pawson,monitoring
435,Jennifer,Hatherall,Persevering
436,Tillie,Tomaselli,national
437,Alexa,Morrowe,Multi-tiered
438,Bart,Tapton,hierarchy
439,Ermengarde,Martinyuk,solution-oriented
440,Axel,Arnholtz,matrices
441,Benjamen,Kleine,analyzing
442,Brooke,Creek,product
443,Basile,Fergie,Customer-focused
444,Jerrie,Week,local
445,Aldin,Alfonso,customer loyalty
446,Jolyn,Standring,benchmark
447,Phoebe,Isitt,Integrated
448,Rowena,Cregg,success
449,Bree,Ianniello,Open-architected
450,Barnabe,Jiroutka,Future-proofed
451,Dietrich,Tombs,Sharable
452,Verla,Chastand,contextually-based
453,Beverlie,Cracie,Ameliorated
454,Merle,Lyste,Reduced
455,Rozanna,Oneal,hierarchy
456,Vic,Scranney,context-sensitive
457,Katerina,Caskie,Stand-alone
458,Josi,Sporgeon,Configurable
459,Patty,Kellar,Distributed
460,Abagael,Abad,algorithm
461,Sunny,Kynaston,customer loyalty
462,Bethena,Bew,focus group
463,Georgia,Noonan,Synergistic
464,Stephani,Spikings,secured line
465,Gwenore,Titterton,well-modulated
466,Zulema,Bradshaw,knowledge base
467,Yul,Maytom,Cross-platform
468,Giorgio,Loges,scalable
469,Humfried,Lille,User-centric
470,Yalonda,Flahy,Function-based
471,Kalinda,Cashin,Streamlined
472,Evonne,McAw,attitude-oriented
473,Zacharia,Eates,Automated
474,Truda,Lathe,Phased
475,Sapphire,Joutapaitis,encryption
476,Lynnet,Jelly,stable
477,Teddi,Bearcroft,Monitored
478,Deanna,Rodnight,Open-source
479,Jere,Worrell,leverage
480,Tirrell,Ezele,Distributed
481,Tova,Golden of Ireland,circuit
482,Daryl,Snap,frame
483,Bay,Simonini,ability
484,Yuri,Silmon,attitude
485,Elsinore,Butson,Multi-lateral
486,Delilah,Handlin,Organic
487,Emelina,Durdy,intranet
488,Biddie,Blunden,internet solution
489,Urban,Sutherns,real-time
490,Brittaney,Tacey,regional
491,Emalia,Sallier,dedicated
492,Broderic,Ritter,Total
493,Kathe,Glanfield,systemic
494,Kessia,De Pietri,Graphical User Interface
495,Ulric,Riste,client-server
496,Augustine,Babber,Optimized
497,Ryley,Jakuszewski,coherent
498,Cherice,Roelofsen,Balanced
499,Mabelle,Izakson,Multi-channelled
500,Riobard,Blase,website
501,Gregory,Mazdon,Distributed
502,Leonidas,Sysland,success
503,Luci,Jarrad,synergy
504,Kenton,Alten,knowledge base
505,Ardella,Hebborne,extranet
506,Renard,Toombes,dynamic
507,Cathleen,Friedenbach,intranet
508,Muffin,Giabuzzi,logistical
509,Elaina,Fairtlough,content-based
510,Netti,Adam,motivating
511,Avivah,Paudin,asynchronous
512,Jazmin,Attiwill,Secured
513,Morse,Mandeville,radical
514,Iain,MacAlroy,encoding
515,Parry,Heare,Phased
516,Adriaens,O'Driscoll,client-driven
517,Jasmina,Willbourne,Secured
518,Aldwin,Cakebread,Organized
519,Burton,Cady,Advanced
520,Matthieu,Silman,Devolved
521,Quinta,Laverock,collaboration
522,Cally,Mazdon,Multi-channelled
523,Wenda,Sabine,hub
524,Galina,Urey,Ergonomic
525,Renata,de Marco,monitoring
526,Orsa,felip,challenge
527,Willi,O'Crowley,Optimized
528,Bibby,Semeniuk,adapter
529,Brianne,Rubertis,service-desk
530,Matthiew,Streatfield,Cloned
531,Amata,Deviney,knowledge base
532,Theo,Curee,Expanded
533,Cart,Mardle,Versatile
534,Allison,Dielhenn,secondary
535,Alyse,Lauritzen,access
536,Dania,Roloff,installation
537,Karoly,Jans,Customizable
538,Kippy,Winslade,Grass-roots
539,Becki,Dahlberg,core
540,Johannes,Tedman,flexibility
541,Marney,Orto,infrastructure
542,Regine,Coltart,array
543,Lolly,Joselevitz,hybrid
544,Del,Greatreax,Assimilated
545,Sandi,Oliver,Reduced
546,Ketty,Garnul,Vision-oriented
547,Inger,McGilbon,website
548,Lucretia,Aloway,content-based
549,Hilary,Meece,needs-based
550,Babs,Pont,hybrid
551,Tabbatha,Boothroyd,Distributed
552,Ethelbert,Spilsted,executive
553,Sophi,Medgwick,discrete
554,Annora,Mannakee,logistical
555,Garreth,Garm,monitoring
556,Bald,Crack,Adaptive
557,Michaella,Benoix,background
558,Andrew,Nelsey,moratorium
559,Caralie,Wolfenden,Re-contextualized
560,Dion,Mousby,user-facing
561,Ozzy,Lashmar,User-centric
562,Mara,Windeatt,local area network
563,Tye,Lindeberg,Exclusive
564,Vale,Gawler,coherent
565,Raleigh,Hancill,Diverse
566,Allard,Grishanin,systemic
567,Bennie,Girardetti,Devolved
568,Chelsey,Swayton,directional
569,Scotty,Gottschalk,functionalities
570,Raphaela,Sturzaker,protocol
571,Theobald,O'Dowgaine,function
572,Kaiser,Quest,hardware
573,Felizio,Menilove,systematic
574,Susi,O'Daly,static
575,Svend,Langdale,24/7
576,Gray,Vasnev,conglomeration
577,Jule,Junkison,contextually-based
578,Adiana,Seifert,multi-tasking
579,Trescha,Lundie,Managed
580,Chalmers,Gladtbach,Networked
581,Ingaberg,Garie,optimizing
582,Val,Grafton,Seamless
583,Aldin,Allibone,Down-sized
584,Walt,Edgcumbe,Fundamental
585,Devland,Drissell,Centralized
586,Alyce,Synan,3rd generation
587,Moore,Reynold,5th generation
588,Felisha,Brastead,needs-based
589,Edythe,Borzone,asynchronous
590,Rouvin,Toth,homogeneous
591,Dudley,Vannuccini,help-desk
592,Ephraim,Bonus,mission-critical
593,Lorne,Plinck,application
594,Nathan,Stratford,analyzing
595,Waylan,Neiland,local
596,Mylo,Goode,User-centric
597,Kym,Salmen,Decentralized
598,Licha,Skellion,Down-sized
599,Sidonia,Taveriner,Down-sized
600,Shaylah,Arckoll,Operative
601,Georgena,Krolak,Streamlined
602,Jo-ann,Francesc,success
603,Isabelle,Fogg,bi-directional
604,Marissa,Voaden,definition
605,Krispin,Denacamp,solution-oriented
606,Moyna,Mingaud,project
607,Holli,Fidoe,Synchronised
608,Alyssa,Burlingham,Mandatory
609,Cyrille,Leaves,grid-enabled
610,Ky,Sakins,clear-thinking
611,Wendie,Prinne,well-modulated
612,Yvette,Pindar,access
613,Aila,Assiratti,Fully-configurable
614,Ruby,Benham,Optional
615,Brandtr,Glasebrook,leading edge
616,Emmett,Pantridge,benchmark
617,Marla,Willoughway,installation
618,Amery,Wickling,hierarchy
619,Anett,Tull,task-force
620,Ash,Growcock,collaboration
621,Keely,Sollam,moratorium
622,Saundra,Dunk,Compatible
623,Marybeth,Kamen,Digitized
624,Laverna,Cordey,regional
625,Bibi,Jahncke,hierarchy
626,Leonidas,Conws,Synergistic
627,Roxy,Ralling,heuristic
628,Jeanine,Stearndale,Programmable
629,Son,McPhelimy,productivity
630,Nathan,Truman,encompassing
631,Reynard,Slorach,capacity
632,Pet,Marjot,productivity
633,Gertrud,Knappett,uniform
634,Clementina,Sackur,local area network
635,Letta,McGrirl,Business-focused
636,Byram,Ponde,website
637,Vinni,Gegay,Realigned
638,Mikey,Dooman,Virtual
639,Rachelle,Glander,interactive
640,Irma,Muddle,support
641,Celie,McCreagh,Realigned
642,Parrnell,Brymham,Triple-buffered
643,Hildy,Kobierski,Reactive
644,Cameron,Keenleyside,Synergized
645,Hughie,Domeny,Multi-channelled
646,Beltran,Guiraud,multimedia
647,Bogey,Garlick,Intuitive
648,Korrie,Prophet,solution-oriented
649,Rolf,Mussolini,Multi-lateral
650,Lambert,Dunnet,instruction set
651,Rowe,Dring,Reduced
652,Coralyn,McGlone,Proactive
653,Karin,Mouatt,Face to face
654,Terrie,Double,foreground
655,Sergei,Damsell,local area network
656,Melissa,Sammut,24/7
657,Dermot,Lindenboim,installation
658,Lalo,Mehaffey,knowledge user
659,Corabel,Cristofano,Enhanced
660,Wat,Normaville,Adaptive
661,Callie,Duggary,emulation
662,Sandro,Esslemont,Customizable
663,Ilario,Fyndon,multimedia
664,Thorndike,Torrie,Managed
665,Teodoor,Maharg,ability
666,Robinette,Spofford,process improvement
667,Kincaid,Sicily,installation
668,Filippo,Birdfield,Self-enabling
669,Olly,Gerlts,internet solution
670,Bertrand,Dalgarno,modular
671,Arin,Burchett,benchmark
672,Corabelle,Gaenor,cohesive
673,Waverley,Randal,implementation
674,Alia,Pyne,system engine
675,Nicoli,Acock,artificial intelligence
676,Chester,Dash,hardware
677,Izaak,Ogg,zero administration
678,Conroy,Bennike,multi-tasking
679,Mikkel,Lyons,array
680,Jacinta,Craigs,initiative
681,Berny,Kacheller,Public-key
682,Olwen,Clemits,Mandatory
683,Kim,Yesinov,customer loyalty
684,Gabriellia,Khomich,human-resource
685,Edeline,Bummfrey,mobile
686,Saundra,Lowdham,real-time
687,Twila,Denidge,Digitized
688,Charo,Al Hirsi,forecast
689,Missy,Wloch,homogeneous
690,Mala,Wimmer,application
691,Milty,Airdrie,data-warehouse
692,Kermie,Assur,open system
693,Gaelan,Howson,radical
694,Laryssa,Bedboro,human-resource
695,Heinrick,Hinchon,system-worthy
696,Roberta,Hunsworth,local area network
697,Lynnet,Valintine,structure
698,Bambi,Madner,leading edge
699,Conni,Eringey,Synergized
700,Westbrooke,Vanyukov,Cross-group
701,Starlene,Broose,clear-thinking
702,Adriane,Sibray,paradigm
703,Estele,Hamnet,Compatible
704,Mehetabel,Frascone,emulation
705,Emogene,Blonfield,task-force
706,Kimmi,Paolone,next generation
707,Mace,de Nore,leverage
708,Ericha,Scane,installation
709,Aimil,Aulton,knowledge user
710,Thorsten,Syson,zero tolerance
711,Moise,Harken,Automated
712,Suzi,Scraggs,value-added
713,Dorine,Philippsohn,Integrated
714,Zebulon,Relton,encompassing
715,Yorke,Aitkenhead,orchestration
716,Shannan,Rickell,local
717,Allegra,La Croce,structure
718,Beilul,Berthod,Expanded
719,Auria,Patton,3rd generation
720,Melvyn,Norridge,Seamless
721,Maridel,Renish,composite
722,Goddart,Cowing,solution-oriented
723,Andy,Tapley,discrete
724,Zarah,Lankford,Polarised
725,Salmon,Nyssen,Face to face
726,Kent,Alleway,help-desk
727,Briano,Bende,intermediate
728,Sonnie,Sidsaff,Enhanced
729,Karleen,Keers,4th generation
730,Karena,Mapstone,Pre-emptive
731,Riki,Emanulsson,superstructure
732,Delphinia,Denisyuk,hybrid
733,Gibb,Goose,analyzer
734,Kenneth,Dadd,strategy
735,Ame,Janata,concept
736,Egon,Beamont,empowering
737,Kathlin,Itscowicz,implementation
738,Catherin,Durston,attitude
739,Ezri,Sebert,hybrid
740,Adeline,Filoniere,Fundamental
741,Phillis,Tinkler,Assimilated
742,Stuart,Farloe,Right-sized
743,Flore,Plak,algorithm
744,Micky,Marcombe,workforce
745,Chev,Cominetti,holistic
746,Randa,Bourke,Open-source
747,Wallas,Harrowell,Focused
748,Binni,Teanby,Focused
749,Nicola,Brounfield,Horizontal
750,Shannen,McSkeagan,Proactive
751,Daune,Nelsey,tertiary
752,Helga,Holywell,actuating
753,Birk,Jillitt,forecast
754,Torie,Stoggell,groupware
755,Kristine,Grix,workforce
756,Veronique,Alliband,asymmetric
757,Madel,Bellwood,dynamic
758,Luci,Nordass,Distributed
759,Shelton,Gillingwater,hub
760,Nettie,Mirams,web-enabled
761,Mandi,Pattlel,ability
762,Lorens,Tampin,Down-sized
763,Roxy,Benneton,even-keeled
764,Thibaut,Cavozzi,Proactive
765,Rebbecca,Sercombe,system-worthy
766,Deva,Liptrot,even-keeled
767,Darcey,Collelton,value-added
768,Tracey,Dyers,even-keeled
769,Truda,Breton,knowledge user
770,Jacqueline,Hallard,extranet
771,Alonzo,Raxworthy,Focused
772,Rikki,Crowter,3rd generation
773,Sybilla,Bollans,function
774,Cassandre,Leslie,homogeneous
775,Charlotte,Niset,Intuitive
776,Ozzie,Simpkin,structure
777,Elvera,Kitter,Organic
778,Elwin,Scoates,Visionary
779,Arnoldo,Duffin,hybrid
780,Gifford,Penberthy,client-server
781,Alameda,Durrad,knowledge base
782,Allan,Line,Function-based
783,Irma,Fardoe,solution-oriented
784,Hartwell,Golt,system engine
785,Cherey,Nickoll,Face to face
786,Channa,Bland,value-added
787,Todd,McNeilley,circuit
788,Tamra,Grouen,policy
789,Raquela,Scahill,Enterprise-wide
790,Patrizius,Haresign,secondary
791,Alley,Davidou,static
792,Ranique,Tarbert,Streamlined
793,Kata,Mattersey,Diverse
794,Hadria,Bruinemann,bottom-line
795,Kippie,Dominik,zero defect
796,Alexina,Caghy,artificial intelligence
797,Demetris,Storey,structure
798,Otha,Burnyeat,Advanced
799,Gawen,Grishukhin,fresh-thinking
800,Ferdie,Escoffrey,contingency
801,Alameda,Dillamore,website
802,Sib,Skett,function
803,Ethelda,Finding,Public-key
804,Leslie,Sherreard,Phased
805,Casandra,Gager,Up-sized
806,Terrell,Roycroft,Inverse
807,Brandy,Ipsly,real-time
808,Herbert,Dederich,data-warehouse
809,Barnett,Munkley,systematic
810,Verina,Marquis,moratorium
811,Neilla,Kun,focus group
812,Bel,Duchatel,Future-proofed
813,Tyne,Edmunds,bandwidth-monitored
814,Arman,Surgen,architecture
815,Diarmid,Toffaloni,flexibility
816,Jillian,Philo,high-level
817,Brice,Walsh,neural-net
818,Shelby,Warden,Profound
819,Bernadene,Fernez,didactic
820,Gweneth,Kirton,content-based
821,Chet,Concannon,logistical
822,Stacee,Gailor,mission-critical
823,Carver,Baalham,architecture
824,Cassie,Crinson,data-warehouse
825,Mic,Halmkin,concept
826,Micheal,Cyples,Inverse
827,Lexine,Duerden,disintermediate
828,Con,Windmill,Stand-alone
829,Odele,Lowndsbrough,dynamic
830,Quent,Shannahan,foreground
831,Josh,Stanislaw,leverage
832,Reina,Chicchelli,incremental
833,Chickie,Aisthorpe,Devolved
834,Roda,Haithwaite,optimizing
835,Dorry,Syder,client-server
836,Elizabeth,Spada,data-warehouse
837,Ricoriki,Woehler,Cross-platform
838,Keven,Hinckesman,challenge
839,Kile,Wathell,optimizing
840,Reinald,Pauncefort,optimizing
841,Tiertza,Riordan,Right-sized
842,Elvira,Orriss,Advanced
843,Gaby,Malter,Right-sized
844,Byram,Izaks,mission-critical
845,Guillemette,Boas,Multi-lateral
846,Sherwin,Matuska,Decentralized
847,Chuck,Kitchiner,Persevering
848,Angelo,Laister,leverage
849,Patty,Skittle,bottom-line
850,Ardene,Rides,bottom-line
851,Tibold,Eisig,intranet
852,Gayle,Playden,Integrated
853,Phylys,Greydon,didactic
854,Fabian,Simkin,Ergonomic
855,Murdoch,McAndrew,value-added
856,Thedric,Keizman,methodology
857,Josias,Jaquest,Organized
858,Viviana,Brittan,complexity
859,Carolynn,Tillyer,knowledge user
860,Salim,Tothe,Synchronised
861,Daffie,Burkinshaw,tertiary
862,Brigg,Byard,needs-based
863,Nealy,Haistwell,Distributed
864,Lucita,McKinless,moderator
865,Thekla,Wiggins,emulation
866,Roland,Hattiff,function
867,Loralyn,Coales,methodical
868,Lucretia,Lee,Innovative
869,Lonnard,Haggett,radical
870,Ermengarde,Bollini,Ameliorated
871,Elie,Cowl,intangible
872,Irv,Straffon,Customizable
873,Peadar,Braikenridge,Upgradable
874,Illa,Boldra,Streamlined
875,Elie,Fearneley,Function-based
876,Devonne,Searby,homogeneous
877,Reeva,Kent,heuristic
878,Conant,Lapre,leading edge
879,Garth,Kopps,grid-enabled
880,Dorian,Screas,knowledge base
881,Margot,Von Welldun,Multi-tiered
882,Dorothee,Burds,Cross-platform
883,Roseline,Domoni,infrastructure
884,Shanie,Seden,object-oriented
885,Sigismundo,Thurlby,uniform
886,Malia,Sever,Digitized
887,Daveta,Lumsdall,mobile
888,Siffre,McSaul,Quality-focused
889,Etty,Stoyle,Integrated
890,Stanly,Regler,Pre-emptive
891,Ring,Rosellini,next generation
892,Farrel,Corkel,orchestration
893,Gilli,Cluse,neutral
894,Heloise,Ebertz,intermediate
895,Jammie,Pohlak,Monitored
896,Terrijo,Salamon,Diverse
897,Audry,Skillicorn,executive
898,Valene,Pires,time-frame
899,Cammi,Trahar,multi-tasking
900,Thurstan,Tankus,artificial intelligence
901,Bride,Wadlow,interactive
902,Fields,Velti,tangible
903,Sacha,Haythorne,Configurable
904,Abra,Rossborough,Reverse-engineered
905,Bendite,Fenney,Triple-buffered
906,Basilio,Meader,task-force
907,Heriberto,Bleakley,Up-sized
908,Essie,Barhems,user-facing
909,Obed,Gyrgorwicx,attitude
910,Morrie,MacMichael,Stand-alone
911,Alonso,Detheridge,Organized
912,Selig,Flavelle,Object-based
913,Aggie,Benzing,installation
914,Wittie,Kemble,emulation
915,Zsa zsa,Pentycross,benchmark
916,Ezri,Bilson,Implemented
917,Nefen,Alfonzo,24/7
918,Kevin,Tribbeck,project
919,Alfonso,Pieper,service-desk
920,Ferris,Brandrick,neutral
921,Zed,Olliff,3rd generation
922,Tristan,Edgcombe,fresh-thinking
923,Truman,Gosalvez,matrices
924,Hashim,Godin,neutral
925,Benjamin,Smy,User-centric
926,Debora,McGaugie,ability
927,Dalton,Wharfe,Phased
928,Hubie,Holburn,4th generation
929,Kaleena,McMillan,strategy
930,Gardner,Onians,Secured
931,Padriac,Wonham,Intuitive
932,Dionne,Lemonby,multimedia
933,Piper,Legister,Grass-roots
934,Artemus,Lillford,Managed
935,Lawrence,Norsister,initiative
936,Poppy,Hearons,info-mediaries
937,Orazio,Francis,reciprocal
938,Adrien,Boxen,coherent
939,Deva,Lewnden,time-frame
940,Valerie,Adin,De-engineered
941,Abigail,Mosby,initiative
942,Leela,Bercevelo,task-force
943,Erwin,Jotcham,Public-key
944,Denys,Randalston,responsive
945,Nicko,Weavill,system engine
946,Barby,Flisher,budgetary management
947,Arlin,Eilert,portal
948,Cesar,Bockmann,executive
949,Bank,Berkowitz,installation
950,James,Ennion,exuding
951,Blinni,Sheldon,Automated
952,Madison,Mapstone,Multi-lateral
953,Karleen,Crummey,national
954,Griffie,Wilton,empowering
955,Ulises,Standbrooke,Face to face
956,Chrisy,Venneur,Self-enabling
957,Dilly,Rankin,standardization
958,Fredrick,Glyn,Fully-configurable
959,Edmund,Giberd,Profound
960,Deloris,Mulbery,actuating
961,Pietra,Henighan,background
962,Christal,Gabitis,directional
963,Ximenez,Warrender,multi-tasking
964,Darryl,Dolling,Operative
965,Henriette,Cranton,solution-oriented
966,Joyous,Iron,Ameliorated
967,Tonia,Schwandt,open system
968,Blane,Margeram,Up-sized
969,Nap,Cote,Customizable
970,Dyan,Lebell,matrix
971,Valentine,Joule,directional
972,Thaine,Broadbury,Cloned
973,Lianna,Stinchcombe,4th generation
974,Drew,Wallett,customer loyalty
975,Eduard,Tinkler,Multi-channelled
976,Wheeler,Noye,radical
977,Sissie,Handsheart,Implemented
978,Marcie,Mettricke,Monitored
979,Jackqueline,Aronovitz,cohesive
980,Joni,Matcham,demand-driven
981,Kania,Emanuele,encompassing
982,Benedicta,Turfus,Stand-alone
983,Obadiah,Khan,superstructure
984,Wesley,Sever,ability
985,Stephen,McRobbie,Versatile
986,Jacky,Skacel,Reactive
987,Nanny,Degoe,real-time
988,Verine,Klouz,Distributed
989,Brenda,Belone,extranet
990,Salvidor,Deevey,bi-directional
991,Kiele,Follett,productivity
992,Dyan,Hevey,local
993,Aurilia,Addionisio,Customer-focused
994,Rollin,Urwin,Programmable
995,Theobald,Midghall,Balanced
996,Jeri,Attock,content-based
997,Olenolin,Garvan,Intuitive
998,Jedediah,Matteucci,mobile
999,Isa,Haresnaip,encompassing
1000,Rita,Rubbert,Re-engineered
